card,standard,pokemon,christmas
red0,standardred0.jpg,pokemonred0.jpg,christmasred0.jpg
red1,standardred1.jpg,pokemonred1.jpg,christmasred1.jpg
red1,standardred1.jpg,pokemonred1.jpg,christmasred1.jpg
red2,standardred2.jpg,pokemonred2.jpg,christmasred2.jpg
red2,standardred2.jpg,pokemonred2.jpg,christmasred2.jpg
red3,standardred3.jpg,pokemonred3.jpg,christmasred3.jpg
red3,standardred3.jpg,pokemonred3.jpg,christmasred3.jpg
red4,standardred4.jpg,pokemonred4.jpg,christmasred4.jpg
red4,standardred4.jpg,pokemonred4.jpg,christmasred4.jpg
red5,standardred5.jpg,pokemonred5.jpg,christmasred5.jpg
red5,standardred5.jpg,pokemonred5.jpg,christmasred5.jpg
red6,standardred6.jpg,pokemonred6.jpg,christmasred6.jpg
red6,standardred6.jpg,pokemonred6.jpg,christmasred6.jpg
red7,standardred7.jpg,pokemonred7.jpg,christmasred7.jpg
red7,standardred7.jpg,pokemonred7.jpg,christmasred7.jpg
red8,standardred8.jpg,pokemonred8.jpg,christmasred8.jpg
red8,standardred8.jpg,pokemonred8.jpg,christmasred8.jpg
red9,standardred9.jpg,pokemonred9.jpg,christmasred9.jpg
red9,standardred9.jpg,pokemonred9.jpg,christmasred9.jpg
redskip,standardredskip.jpg,pokemonredskip.jpg,christmasredskip.jpg
redskip,standardredskip.jpg,pokemonredskip.jpg,christmasredskip.jpg
reddraw2,standardreddraw2.jpg,pokemonreddraw2.jpg,christmasreddraw2.jpg
reddraw2,standardreddraw2.jpg,pokemonreddraw2.jpg,christmasreddraw2.jpg
blue0,standardblue0.jpg,pokemonblue0.jpg,christmasblue0.jpg
blue1,standardblue1.jpg,pokemonblue1.jpg,christmasblue1.jpg
blue1,standardblue1.jpg,pokemonblue1.jpg,christmasblue1.jpg
blue2,standardblue2.jpg,pokemonblue2.jpg,christmasblue2.jpg
blue2,standardblue2.jpg,pokemonblue2.jpg,christmasblue2.jpg
blue3,standardblue3.jpg,pokemonblue3.jpg,christmasblue3.jpg
blue3,standardblue3.jpg,pokemonblue3.jpg,christmasblue3.jpg
blue4,standardblue4.jpg,pokemonblue4.jpg,christmasblue4.jpg
blue4,standardblue4.jpg,pokemonblue4.jpg,christmasblue4.jpg
blue5,standardblue5.jpg,pokemonblue5.jpg,christmasblue5.jpg
blue5,standardblue5.jpg,pokemonblue5.jpg,christmasblue5.jpg
blue6,standardblue6.jpg,pokemonblue6.jpg,christmasblue6.jpg
blue6,standardblue6.jpg,pokemonblue6.jpg,christmasblue6.jpg
blue7,standardblue7.jpg,pokemonblue7.jpg,christmasblue7.jpg
blue7,standardblue7.jpg,pokemonblue7.jpg,christmasblue7.jpg
blue8,standardblue8.jpg,pokemonblue8.jpg,christmasblue8.jpg
blue8,standardblue8.jpg,pokemonblue8.jpg,christmasblue8.jpg
blue9,standardblue9.jpg,pokemonblue9.jpg,christmasblue9.jpg
blue9,standardblue9.jpg,pokemonblue9.jpg,christmasblue9.jpg
blueskip,standardblueskip.jpg,pokemonblueskip.jpg,christmasblueskip.jpg
blueskip,standardblueskip.jpg,pokemonblueskip.jpg,christmasblueskip.jpg
bluedraw2,standardbluedraw2.jpg,pokemonbluedraw2.jpg,christmasbluedraw2.jpg
bluedraw2,standardbluedraw2.jpg,pokemonbluedraw2.jpg,christmasbluedraw2.jpg
green0,standardgreen0.jpg,pokemongreen0.jpg,christmasgreen0.jpg
green1,standardgreen1.jpg,pokemongreen1.jpg,christmasgreen1.jpg
green1,standardgreen1.jpg,pokemongreen1.jpg,christmasgreen1.jpg
green2,standardgreen2.jpg,pokemongreen2.jpg,christmasgreen2.jpg
green2,standardgreen2.jpg,pokemongreen2.jpg,christmasgreen2.jpg
green3,standardgreen3.jpg,pokemongreen3.jpg,christmasgreen3.jpg
green3,standardgreen3.jpg,pokemongreen3.jpg,christmasgreen3.jpg
green4,standardgreen4.jpg,pokemongreen4.jpg,christmasgreen4.jpg
green4,standardgreen4.jpg,pokemongreen4.jpg,christmasgreen4.jpg
green5,standardgreen5.jpg,pokemongreen5.jpg,christmasgreen5.jpg
green5,standardgreen5.jpg,pokemongreen5.jpg,christmasgreen5.jpg
green6,standardgreen6.jpg,pokemongreen6.jpg,christmasgreen6.jpg
green6,standardgreen6.jpg,pokemongreen6.jpg,christmasgreen6.jpg
green7,standardgreen7.jpg,pokemongreen7.jpg,christmasgreen7.jpg
green7,standardgreen7.jpg,pokemongreen7.jpg,christmasgreen7.jpg
green8,standardgreen8.jpg,pokemongreen8.jpg,christmasgreen8.jpg
green8,standardgreen8.jpg,pokemongreen8.jpg,christmasgreen8.jpg
green9,standardgreen9.jpg,pokemongreen9.jpg,christmasgreen9.jpg
green9,standardgreen9.jpg,pokemongreen9.jpg,christmasgreen9.jpg
greenskip,standardgreenskip.jpg,pokemongreenskip.jpg,christmasgreenskip.jpg
greenskip,standardgreenskip.jpg,pokemongreenskip.jpg,christmasgreenskip.jpg
greendraw2,standardgreendraw2.jpg,pokemongreendraw2.jpg,christmasgreendraw2.jpg
greendraw2,standardgreendraw2.jpg,pokemongreendraw2.jpg,christmasgreendraw2.jpg
yellow0,standardyellow0.jpg,pokemonyellow0.jpg,christmasyellow0.jpg
yellow1,standardyellow1.jpg,pokemonyellow1.jpg,christmasyellow1.jpg
yellow1,standardyellow1.jpg,pokemonyellow1.jpg,christmasyellow1.jpg
yellow2,standardyellow2.jpg,pokemonyellow2.jpg,christmasyellow2.jpg
yellow2,standardyellow2.jpg,pokemonyellow2.jpg,christmasyellow2.jpg
yellow3,standardyellow3.jpg,pokemonyellow3.jpg,christmasyellow3.jpg
yellow3,standardyellow3.jpg,pokemonyellow3.jpg,christmasyellow3.jpg
yellow4,standardyellow4.jpg,pokemonyellow4.jpg,christmasyellow4.jpg
yellow4,standardyellow4.jpg,pokemonyellow4.jpg,christmasyellow4.jpg
yellow5,standardyellow5.jpg,pokemonyellow5.jpg,christmasyellow5.jpg
yellow5,standardyellow5.jpg,pokemonyellow5.jpg,christmasyellow5.jpg
yellow6,standardyellow6.jpg,pokemonyellow6.jpg,christmasyellow6.jpg
yellow6,standardyellow6.jpg,pokemonyellow6.jpg,christmasyellow6.jpg
yellow7,standardyellow7.jpg,pokemonyellow7.jpg,christmasyellow7.jpg
yellow7,standardyellow7.jpg,pokemonyellow7.jpg,christmasyellow7.jpg
yellow8,standardyellow8.jpg,pokemonyellow8.jpg,christmasyellow8.jpg
yellow8,standardyellow8.jpg,pokemonyellow8.jpg,christmasyellow8.jpg
yellow9,standardyellow9.jpg,pokemonyellow9.jpg,christmasyellow9.jpg
yellow9,standardyellow9.jpg,pokemonyellow9.jpg,christmasyellow9.jpg
yellowskip,standardyellowskip.jpg,pokemonyellowskip.jpg,christmasyellowskip.jpg
yellowskip,standardyellowskip.jpg,pokemonyellowskip.jpg,christmasyellowskip.jpg
yellowdraw2,standardyellowdraw2.jpg,pokemonyellowdraw2.jpg,christmasyellowdraw2.jpg
yellowdraw2,standardyellowdraw2.jpg,pokemonyellowdraw2.jpg,christmasyellowdraw2.jpg
wild,standardwild.jpg,pokemonwild.jpg,christmaswild.jpg
wild,standardwild.jpg,pokemonwild.jpg,christmaswild.jpg
wild,standardwild.jpg,pokemonwild.jpg,christmaswild.jpg
wild,standardwild.jpg,pokemonwild.jpg,christmaswild.jpg
wilddraw4,standardwilddraw4.jpg,pokemonwilddraw4.jpg,christmaswilddraw4.jpg
wilddraw4,standardwilddraw4.jpg,pokemonwilddraw4.jpg,christmaswilddraw4.jpg
wilddraw4,standardwilddraw4.jpg,pokemonwilddraw4.jpg,christmaswilddraw4.jpg
wilddraw4,standardwilddraw4.jpg,pokemonwilddraw4.jpg,christmaswilddraw4.jpg
