red0,standardred0.png,pokemonred0.png,insideoutred0.png
red1,standardred1.png,pokemonred1.png,insideoutred1.png
red1,standardred1.png,pokemonred1.png,insideoutred1.png
red2,standardred2.png,pokemonred2.png,insideoutred2.png
red2,standardred2.png,pokemonred2.png,insideoutred2.png
red3,standardred3.png,pokemonred3.png,insideoutred3.png
red3,standardred3.png,pokemonred3.png,insideoutred3.png
red4,standardred4.png,pokemonred4.png,insideoutred4.png
red4,standardred4.png,pokemonred4.png,insideoutred4.png
red5,standardred5.png,pokemonred5.png,insideoutred5.png
red5,standardred5.png,pokemonred5.png,insideoutred5.png
red6,standardred6.png,pokemonred6.png,insideoutred6.png
red6,standardred6.png,pokemonred6.png,insideoutred6.png
red7,standardred7.png,pokemonred7.png,insideoutred7.png
red7,standardred7.png,pokemonred7.png,insideoutred7.png
red8,standardred8.png,pokemonred8.png,insideoutred8.png
red8,standardred8.png,pokemonred8.png,insideoutred8.png
red9,standardred9.png,pokemonred9.png,insideoutred9.png
red9,standardred9.png,pokemonred9.png,insideoutred9.png
redskip,standardredskip.png,pokemonredskip.png,insideoutredskip.png
redskip,standardredskip.png,pokemonredskip.png,insideoutredskip.png
reddraw2,standardreddraw2.png,pokemonreddraw2.png,insideoutreddraw2.png
reddraw2,standardreddraw2.png,pokemonreddraw2.png,insideoutreddraw2.png
blue0,standardblue0.png,pokemonblue0.png,insideoutblue0.png
blue1,standardblue1.png,pokemonblue1.png,insideoutblue1.png
blue1,standardblue1.png,pokemonblue1.png,insideoutblue1.png
blue2,standardblue2.png,pokemonblue2.png,insideoutblue2.png
blue2,standardblue2.png,pokemonblue2.png,insideoutblue2.png
blue3,standardblue3.png,pokemonblue3.png,insideoutblue3.png
blue3,standardblue3.png,pokemonblue3.png,insideoutblue3.png
blue4,standardblue4.png,pokemonblue4.png,insideoutblue4.png
blue4,standardblue4.png,pokemonblue4.png,insideoutblue4.png
blue5,standardblue5.png,pokemonblue5.png,insideoutblue5.png
blue5,standardblue5.png,pokemonblue5.png,insideoutblue5.png
blue6,standardblue6.png,pokemonblue6.png,insideoutblue6.png
blue6,standardblue6.png,pokemonblue6.png,insideoutblue6.png
blue7,standardblue7.png,pokemonblue7.png,insideoutblue7.png
blue7,standardblue7.png,pokemonblue7.png,insideoutblue7.png
blue8,standardblue8.png,pokemonblue8.png,insideoutblue8.png
blue8,standardblue8.png,pokemonblue8.png,insideoutblue8.png
blue9,standardblue9.png,pokemonblue9.png,insideoutblue9.png
blue9,standardblue9.png,pokemonblue9.png,insideoutblue9.png
blueskip,standardblueskip.png,pokemonblueskip.png,insideoutblueskip.png
blueskip,standardblueskip.png,pokemonblueskip.png,insideoutblueskip.png
bluedraw2,standardbluedraw2.png,pokemonbluedraw2.png,insideoutbluedraw2.png
bluedraw2,standardbluedraw2.png,pokemonbluedraw2.png,insideoutbluedraw2.png
green0,standardgreen0.png,pokemongreen0.png,insideoutgreen0.png
green1,standardgreen1.png,pokemongreen1.png,insideoutgreen1.png
green1,standardgreen1.png,pokemongreen1.png,insideoutgreen1.png
green2,standardgreen2.png,pokemongreen2.png,insideoutgreen2.png
green2,standardgreen2.png,pokemongreen2.png,insideoutgreen2.png
green3,standardgreen3.png,pokemongreen3.png,insideoutgreen3.png
green3,standardgreen3.png,pokemongreen3.png,insideoutgreen3.png
green4,standardgreen4.png,pokemongreen4.png,insideoutgreen4.png
green4,standardgreen4.png,pokemongreen4.png,insideoutgreen4.png
green5,standardgreen5.png,pokemongreen5.png,insideoutgreen5.png
green5,standardgreen5.png,pokemongreen5.png,insideoutgreen5.png
green6,standardgreen6.png,pokemongreen6.png,insideoutgreen6.png
green6,standardgreen6.png,pokemongreen6.png,insideoutgreen6.png
green7,standardgreen7.png,pokemongreen7.png,insideoutgreen7.png
green7,standardgreen7.png,pokemongreen7.png,insideoutgreen7.png
green8,standardgreen8.png,pokemongreen8.png,insideoutgreen8.png
green8,standardgreen8.png,pokemongreen8.png,insideoutgreen8.png
green9,standardgreen9.png,pokemongreen9.png,insideoutgreen9.png
green9,standardgreen9.png,pokemongreen9.png,insideoutgreen9.png
greenskip,standardgreenskip.png,pokemongreenskip.png,insideoutgreenskip.png
greenskip,standardgreenskip.png,pokemongreenskip.png,insideoutgreenskip.png
greendraw2,standardgreendraw2.png,pokemongreendraw2.png,insideoutgreendraw2.png
greendraw2,standardgreendraw2.png,pokemongreendraw2.png,insideoutgreendraw2.png
yellow0,standardyellow0.png,pokemonyellow0.png,insideoutyellow0.png
yellow1,standardyellow1.png,pokemonyellow1.png,insideoutyellow1.png
yellow1,standardyellow1.png,pokemonyellow1.png,insideoutyellow1.png
yellow2,standardyellow2.png,pokemonyellow2.png,insideoutyellow2.png
yellow2,standardyellow2.png,pokemonyellow2.png,insideoutyellow2.png
yellow3,standardyellow3.png,pokemonyellow3.png,insideoutyellow3.png
yellow3,standardyellow3.png,pokemonyellow3.png,insideoutyellow3.png
yellow4,standardyellow4.png,pokemonyellow4.png,insideoutyellow4.png
yellow4,standardyellow4.png,pokemonyellow4.png,insideoutyellow4.png
yellow5,standardyellow5.png,pokemonyellow5.png,insideoutyellow5.png
yellow5,standardyellow5.png,pokemonyellow5.png,insideoutyellow5.png
yellow6,standardyellow6.png,pokemonyellow6.png,insideoutyellow6.png
yellow6,standardyellow6.png,pokemonyellow6.png,insideoutyellow6.png
yellow7,standardyellow7.png,pokemonyellow7.png,insideoutyellow7.png
yellow7,standardyellow7.png,pokemonyellow7.png,insideoutyellow7.png
yellow8,standardyellow8.png,pokemonyellow8.png,insideoutyellow8.png
yellow8,standardyellow8.png,pokemonyellow8.png,insideoutyellow8.png
yellow9,standardyellow9.png,pokemonyellow9.png,insideoutyellow9.png
yellow9,standardyellow9.png,pokemonyellow9.png,insideoutyellow9.png
yellowskip,standardyellowskip.png,pokemonyellowskip.png,insideoutyellowskip.png
yellowskip,standardyellowskip.png,pokemonyellowskip.png,insideoutyellowskip.png
yellowdraw2,standardyellowdraw2.png,pokemonyellowdraw2.png,insideoutyellowdraw2.png
yellowdraw2,standardyellowdraw2.png,pokemonyellowdraw2.png,insideoutyellowdraw2.png
wild,standardwild.png,pokemonwild.png,insideoutwild.png
wild,standardwild.png,pokemonwild.png,insideoutwild.png
wild,standardwild.png,pokemonwild.png,insideoutwild.png
wild,standardwild.png,pokemonwild.png,insideoutwild.png
wilddraw4,standardwilddraw4.png,pokemonwilddraw4.png,insideoutwilddraw4.png
wilddraw4,standardwilddraw4.png,pokemonwilddraw4.png,insideoutwilddraw4.png
wilddraw4,standardwilddraw4.png,pokemonwilddraw4.png,insideoutwilddraw4.png
wilddraw4,standardwilddraw4.png,pokemonwilddraw4.png,insideoutwilddraw4.png
